customer_id,name,email,phone,country
1,Vanessa Flores,martha65@howard.com,+1-988-515-3143,Germany
2,Andrew Rodriguez,codyparker@yahoo.com,6000415241,Australia
3,Emma Davis,kaylamedina@gmail.com,081-770-4641,UK
4,Wendy Smith,jerrybaxter@hotmail.com,+1-329-975-1701x875,Canada
5,Heather Brown,samuelcaldwell@mcdonald.com,187.745.4380,UK
6,Theresa Johnson,kylepugh@gmail.com,529.922.5882,Canada
7,Stacy Hansen,kennethmorris@gmail.com,+1-229-121-7653x561,Canada
8,Andre Beard,tranheather@maynard.org,391-401-6328x49981,UK
9,Joy Gomez,james34@russell-austin.com,+1-187-433-6068x72333,Australia
10,Heather Brown DVM,millerkelly@gmail.com,(248)296-9906x81251,USA
11,Mark Anderson,christophercox@yahoo.com,515-826-6139,Canada
12,Thomas Johnson,hortonjames@hotmail.com,(176)072-5815x60675,UK
13,Kendra Smith,davisalison@serrano.com,+1-983-029-7901x6382,USA
14,Matthew Lamb,hannahwall@peters-walter.com,+1-713-005-8977x7990,Germany
15,Amanda Gordon,matthew68@randall.com,+1-629-920-1697,UK
16,Larry Chapman,zferguson@davis.info,+1-894-872-3572x9319,UK
17,Margaret Adams,gallagherdanielle@yahoo.com,444-334-2522,UK
18,Joshua Thomas,ybrown@gmail.com,+1-326-913-5097,Australia
19,Maurice Dennis,yzuniga@floyd-mendoza.com,546.181.9359x293,USA
20,Brianna Escobar,choibrianna@yahoo.com,001-488-923-3444,Canada
21,Scott Lyons,tallen@bradshaw.com,3720842011,Australia
22,Jeremy Hess,samuelbrowning@krueger-thomas.com,526.300.7714x006,Australia
23,Lisa Thomas,hannah91@galvan.net,645.546.7172,UK
24,Jennifer Berger,wesley77@green-miller.com,6621030839,Australia
25,Ashley Freeman,brittanyjames@yahoo.com,3670236329,USA
26,Matthew Gill,cynthia56@yahoo.com,048-864-9045,Australia
27,Kathryn Rowland,abrooks@campbell.biz,(733)179-4877x27033,Germany
28,Amanda Spencer,william85@morris.com,812-883-0222x1759,USA
29,Omar Ward,jackgarner@hunter.com,+1-531-279-4650x40186,Germany
30,Gregory Pearson,sharireid@gmail.com,(826)215-8924,USA
31,Dale Anderson,michael35@noble.com,001-631-276-9324x730,Germany
32,Megan Collins,batestrevor@jones.com,9183931612,UK
33,Tiffany Landry,arnoldterri@hotmail.com,+1-416-604-6183x19811,UK
34,Ashley Mcdowell,karen62@proctor-christensen.com,+1-970-664-5070,USA
35,Todd Vance,ericmueller@roberts.com,001-866-810-7074x584,Canada
36,David Murray,frankschneider@gmail.com,+1-131-137-9607x08659,Canada
37,Christian Barnes,teverett@case.com,(443)842-7023,USA
38,Ronald Carter,sabrina88@hodge.com,+1-508-308-5673x38531,Germany
39,Shawna Mason,millerpaul@yahoo.com,(868)830-8821x8024,Germany
40,Marisa Johnson,whitelauren@gutierrez.biz,001-442-835-3647x111,UK
41,April Campbell,kellylowery@hotmail.com,001-000-507-9153x5516,UK
42,Paula Wilson,willisjacob@foster.org,549-920-8118,UK
43,Cheryl Briggs,nmiller@hotmail.com,7248887751,Canada
44,Jill Wiley,murphyjasmine@little.biz,329.705.2782,Germany
45,Annette Jones,gail75@hotmail.com,+1-682-897-0887x1174,USA
46,Ruben Eaton,unelson@davis.net,605.901.6775,Canada
47,Cynthia Baxter,brett44@gmail.com,(184)276-7720,USA
48,Terry Perkins,johnsonlaura@christian-palmer.com,560.913.3768x5586,Canada
49,Patrick Stevens,robertmcguire@waller.com,001-358-812-0912x1452,USA
50,Jorge Edwards,zwu@thompson.com,(082)534-4813x752,Australia
51,Michael Lewis,brucewerner@gmail.com,453-017-9925x233,USA
52,John Campos,jessicadaniels@gmail.com,6923883832,USA
53,Elizabeth Novak,nelsonsarah@yahoo.com,398.302.3534,Germany
54,Miranda Lewis,thayes@gmail.com,001-181-698-9122x46720,Germany
55,Dawn Yoder,williamsdavid@hotmail.com,001-750-475-0828,Australia
56,Kelly Hodges,gmassey@gregory-walker.com,(412)071-1379,Canada
57,Christina Morris,juliaallen@hotmail.com,(203)469-7370x8653,Canada
58,Elizabeth Benton,sdurham@jones-chavez.com,463.112.5856x20420,Canada
59,Latasha Gonzalez,thomas16@dominguez-gallagher.net,617.824.6479x57571,Canada
60,Brett Dean,saragutierrez@gmail.com,(268)456-6141x886,Canada
61,Michael Zimmerman,rlarson@bailey.com,1849429628,USA
62,Christopher Jackson,esteskimberly@molina.com,(279)810-2241x6825,USA
63,James Davis,marcus81@cohen.com,001-403-110-5401x88898,UK
64,Suzanne Rivers,nbanks@richardson.com,001-629-061-5661x89573,Germany
65,Samuel Dixon,leestephen@casey-avila.com,147.919.3222,Germany
66,Marcus Chandler,sheilalucas@bender-lara.info,763.533.4175x8765,Germany
67,Andrew Sutton,amanda91@green.com,(038)429-7033,USA
68,Spencer Gomez,jeremy33@castro.info,046-936-6760,Australia
69,Chad Smith,aaron36@crawford.com,+1-643-294-5694x8875,Canada
70,Isaac Norris,luis28@yahoo.com,001-906-780-1550x7529,Germany
71,Gail Sanders,bethbauer@fischer-gill.com,198.362.0903x33491,Germany
72,Sharon Diaz MD,douglas26@yahoo.com,065-223-0689x993,Canada
73,Crystal Fuller,ncarter@hotmail.com,505-317-1574x648,Canada
74,Jeremy Daniel,emilycrawford@lester.com,+1-460-465-8819x847,Canada
75,David Glover,michaeltate@smith.com,+1-967-153-5503x5301,Canada
76,Jeff Robinson,osantiago@yahoo.com,501.385.0840x83108,USA
77,Joseph Williams,william31@hotmail.com,886.602.6775,Australia
78,Joseph Hurst,kvasquez@walker.com,216-320-0626x1749,USA
79,Collin Ferguson,qwalsh@newman.com,+1-807-984-3960x51395,Australia
80,Ellen Lewis,kenneth29@hotmail.com,001-566-879-2614,UK
81,Steven Bray,michaelswanson@rhodes.com,(317)581-3804x464,USA
82,Tammy Villarreal,melissastanley@perez.net,+1-899-092-6499x028,USA
83,Tiffany Larsen,robert89@carter-cook.com,001-022-701-4009x426,Germany
84,Debra Dixon,qwolfe@monroe.org,819.929.6655x251,Germany
85,Christopher Davis,steven27@dennis.com,001-296-338-4035x074,UK
86,Robert Keller,lindsayrose@yahoo.com,(815)817-1631x22461,UK
87,Eric Lewis,tyler92@yahoo.com,989.660.1458x190,Australia
88,Laura Thomas,william77@yahoo.com,(021)100-0788x6808,Australia
89,Kevin Wilson,ehenson@flores-johnson.com,542-584-9926x77834,Australia
90,Shelby Romero,rodriguezjames@yahoo.com,(540)844-5225,USA
91,Toni Mason,juan49@yahoo.com,+1-878-172-3485x67764,Germany
92,Cheryl Mills,jenkinsjeffrey@simpson-barber.net,824.510.5784x2977,USA
93,Caitlin Torres,andrea44@hotmail.com,699-772-2660x6171,Germany
94,Angela Ruiz,anna52@bennett-powell.com,(367)264-6585,Australia
95,Jose Baker,christycollins@hotmail.com,693-566-4200,UK
96,Karen Thomas,harringtonkristen@burke.org,001-445-632-6995x1541,Germany
97,Richard Pineda,emiller@wells.com,+1-430-367-5200x1619,Canada
98,Martin Townsend,mlam@simon-gutierrez.info,(212)195-1470,Canada
99,Heather Castaneda,james85@king-cortez.info,433.329.5132x6038,Australia
100,Julia Bailey,jill03@gmail.com,1572655471,UK
101,Nicholas Williams,hmorgan@gibson.biz,781-800-8277x7080,Australia
102,Daniel Cruz,martinezchristy@boone.com,+1-600-933-6221x214,Germany
103,Dr. Maria Cox,hamiltonmichelle@yahoo.com,522-164-0263x9837,Canada
104,Anita Goodman,bsweeney@cortez.com,+1-354-155-8370x250,Germany
105,Brittany Fox,lucas69@gmail.com,619-647-0091x59547,USA
106,Terri Fields,opowell@smith.com,001-320-889-2472x84923,UK
107,Derrick Stevens,moodypamela@johnson.info,8928783784,USA
108,Amanda Rojas,jasonbrown@yahoo.com,(744)181-3861x82096,UK
109,Nathaniel Lane,joseparrish@gmail.com,001-895-493-1595,UK
110,Tammie Wright,rhardy@gmail.com,(057)261-0841x96963,Australia
111,Ashley Russell,kristenhardy@jenkins.com,461.894.1796x00688,Germany
112,Kelly Anderson,oanderson@roberts-weiss.com,001-045-729-6090x648,UK
113,Erin Patel,smithkathryn@yahoo.com,844.496.8808x97618,UK
114,Meagan Ruiz,richardpowell@hotmail.com,4051155824,USA
115,Curtis Rodriguez,jamessmith@ponce.org,001-934-032-9081x9351,USA
116,Tiffany Harris,joneswilliam@wells-duke.com,047-135-8771,UK
117,Sarah Baker,javier65@campbell-johnson.info,001-770-368-4941x124,UK
118,Carla Patterson,brandonjohnson@freeman-robinson.com,502.163.9416,UK
119,Brian Roberts,ihebert@yahoo.com,(288)050-7964x5415,Germany
120,Joseph Lyons,tortiz@gmail.com,997.580.9970,Canada
